sample,label,weight
Hemo_predi/Data_pk/pc6/8DL49zs_both_/20122.pickle,1,1.0
Hemo_predi/Data_pk/pc6/8DL49zs_both_/14659.pickle,1,1.0
Hemo_predi/Data_pk/pc6/8DL49zs_both_/19466.pickle,1,1.0
Hemo_predi/Data_pk/pc6/8DL49zs_both_/18306.pickle,1,1.0
Hemo_predi/Data_pk/pc6/8DL49zs_both_/6969.pickle,1,1.0
Hemo_predi/Data_pk/pc6/8DL49zs_both_/4816.pickle,1,1.0
Hemo_predi/Data_pk/pc6/8DL49zs_both_/524.pickle,1,1.0
Hemo_predi/Data_pk/pc6/8DL49zs_both_/10909.pickle,1,1.0
Hemo_predi/Data_pk/pc6/8DL49zs_both_/4616.pickle,1,1.0
Hemo_predi/Data_pk/pc6/8DL49zs_both_/4331.pickle,1,1.0
Hemo_predi/Data_pk/pc6/8DL49zs_both_/13843.pickle,1,1.0
Hemo_predi/Data_pk/pc6/8DL49zs_both_/5802.pickle,1,1.0
Hemo_predi/Data_pk/pc6/8DL49zs_both_/18166.pickle,1,1.0
Hemo_predi/Data_pk/pc6/8DL49zs_both_/18163.pickle,1,1.0
Hemo_predi/Data_pk/pc6/8DL49zs_both_/16212.pickle,1,1.0
Hemo_predi/Data_pk/pc6/8DL49zs_both_/3104.pickle,1,1.0
Hemo_predi/Data_pk/pc6/8DL49zs_both_/13827.pickle,1,1.0
Hemo_predi/Data_pk/pc6/8DL49zs_both_/19825.pickle,1,1.0
Hemo_predi/Data_pk/pc6/8DL49zs_both_/20121.pickle,1,1.0
Hemo_predi/Data_pk/pc6/8DL49zs_both_/3454.pickle,1,1.0
Hemo_predi/Data_pk/pc6/8DL49zs_both_/14259.pickle,1,1.0
Hemo_predi/Data_pk/pc6/8DL49zs_both_/19467.pickle,1,1.0
Hemo_predi/Data_pk/pc6/8DL49zs_both_/641.pickle,1,1.0
Hemo_predi/Data_pk/pc6/8DL49zs_both_/18165.pickle,1,1.0
Hemo_predi/Data_pk/pc6/8DL49zs_both_/14658.pickle,1,1.0
Hemo_predi/Data_pk/pc6/8DL49zs_both_/3379.pickle,1,1.0
Hemo_predi/Data_pk/pc6/8DL49zs_both_/1479.pickle,1,1.0
Hemo_predi/Data_pk/pc6/8DL49zs_both_/10247.pickle,1,1.0
Hemo_predi/Data_pk/pc6/8DL49zs_both_/4572.pickle,1,1.0
Hemo_predi/Data_pk/pc6/8DL49zs_both_/1241.pickle,1,1.0
Hemo_predi/Data_pk/pc6/8DL49zs_both_/17046.pickle,1,1.0
Hemo_predi/Data_pk/pc6/8DL49zs_both_/11951.pickle,1,1.0
Hemo_predi/Data_pk/pc6/8DL49zs_both_/5594.pickle,1,1.0
Hemo_predi/Data_pk/pc6/8DL49zs_both_/3479.pickle,1,1.0
Hemo_predi/Data_pk/pc6/8DL49zs_both_/5566.pickle,1,1.0
Hemo_predi/Data_pk/pc6/8DL49zs_both_/3287.pickle,1,1.0
Hemo_predi/Data_pk/pc6/8DL49zs_both_/15942.pickle,1,1.0
Hemo_predi/Data_pk/pc6/8DL49zs_both_/2205.pickle,1,1.0
Hemo_predi/Data_pk/pc6/8DL49zs_both_/3103.pickle,1,1.0
Hemo_predi/Data_pk/pc6/8DL49zs_both_/3365.pickle,1,1.0
Hemo_predi/Data_pk/pc6/8DL49zs_both_/13787.pickle,1,1.0
Hemo_predi/Data_pk/pc6/8DL49zs_both_/17794.pickle,1,1.0
Hemo_predi/Data_pk/pc6/8DL49zs_both_/3483.pickle,1,1.0
Hemo_predi/Data_pk/pc6/8DL49zs_both_/15965.pickle,1,1.0
Hemo_predi/Data_pk/pc6/8DL49zs_both_/14784.pickle,1,1.0
Hemo_predi/Data_pk/pc6/8DL49zs_both_/13716.pickle,1,1.0
Hemo_predi/Data_pk/pc6/8DL49zs_both_/16217.pickle,1,1.0
Hemo_predi/Data_pk/pc6/8DL49zs_both_/9494.pickle,1,1.0
Hemo_predi/Data_pk/pc6/8DL49zs_both_/3360.pickle,1,1.0
Hemo_predi/Data_pk/pc6/8DL49zs_both_/6965.pickle,1,1.0
Hemo_predi/Data_pk/pc6/8DL49zs_both_/10965.pickle,1,1.0
Hemo_predi/Data_pk/pc6/8DL49zs_both_/16246.pickle,1,1.0
Hemo_predi/Data_pk/pc6/8DL49zs_both_/1884.pickle,1,1.0
Hemo_predi/Data_pk/pc6/8DL49zs_both_/14785.pickle,1,1.0
Hemo_predi/Data_pk/pc6/8DL49zs_both_/536.pickle,1,1.0
Hemo_predi/Data_pk/pc6/8DL49zs_both_/1001.pickle,1,1.0
Hemo_predi/Data_pk/pc6/8DL49zs_both_/9364.pickle,1,1.0
Hemo_predi/Data_pk/pc6/8DL49zs_both_/5446.pickle,1,1.0
Hemo_predi/Data_pk/pc6/8DL49zs_both_/4289.pickle,1,1.0
Hemo_predi/Data_pk/pc6/8DL49zs_both_/10205.pickle,1,1.0
Hemo_predi/Data_pk/pc6/8DL49zs_both_/15043.pickle,1,1.0
Hemo_predi/Data_pk/pc6/8DL49zs_both_/15917.pickle,1,1.0
Hemo_predi/Data_pk/pc6/8DL49zs_both_/1008.pickle,1,1.0
Hemo_predi/Data_pk/pc6/8DL49zs_both_/4386.pickle,1,1.0
Hemo_predi/Data_pk/pc6/8DL49zs_both_/15979.pickle,1,1.0
Hemo_predi/Data_pk/pc6/8DL49zs_both_/4147.pickle,1,1.0
Hemo_predi/Data_pk/pc6/8DL49zs_both_/12229.pickle,1,1.0
Hemo_predi/Data_pk/pc6/8DL49zs_both_/5084.pickle,1,1.0
Hemo_predi/Data_pk/pc6/8DL49zs_both_/12211.pickle,1,1.0
Hemo_predi/Data_pk/pc6/8DL49zs_both_/609.pickle,1,1.0
Hemo_predi/Data_pk/pc6/8DL49zs_both_/4209.pickle,1,1.0
Hemo_predi/Data_pk/pc6/8DL49zs_both_/4197.pickle,1,1.0
Hemo_predi/Data_pk/pc6/8DL49zs_both_/7921.pickle,1,1.0
Hemo_predi/Data_pk/pc6/8DL49zs_both_/5695.pickle,1,1.0
Hemo_predi/Data_pk/pc6/8DL49zs_both_/15957.pickle,1,1.0
Hemo_predi/Data_pk/pc6/8DL49zs_both_/15913.pickle,1,1.0
Hemo_predi/Data_pk/pc6/8DL49zs_both_/121.pickle,1,1.0
Hemo_predi/Data_pk/pc6/8DL49zs_both_/13120.pickle,1,1.0
Hemo_predi/Data_pk/pc6/8DL49zs_both_/14205.pickle,1,1.0
Hemo_predi/Data_pk/pc6/8DL49zs_both_/5697.pickle,1,1.0
Hemo_predi/Data_pk/pc6/8DL49zs_both_/2020.pickle,1,1.0
Hemo_predi/Data_pk/pc6/8DL49zs_both_/5843.pickle,1,1.0
Hemo_predi/Data_pk/pc6/8DL49zs_both_/19356.pickle,1,1.0
Hemo_predi/Data_pk/pc6/8DL49zs_both_/7942.pickle,1,1.0
Hemo_predi/Data_pk/pc6/8DL49zs_both_/478.pickle,1,1.0
Hemo_predi/Data_pk/pc6/8DL49zs_both_/8873.pickle,1,1.0
Hemo_predi/Data_pk/pc6/8DL49zs_both_/760.pickle,1,1.0
Hemo_predi/Data_pk/pc6/8DL49zs_both_/5698.pickle,1,1.0
Hemo_predi/Data_pk/pc6/8DL49zs_both_/11168.pickle,1,1.0
Hemo_predi/Data_pk/pc6/8DL49zs_both_/125.pickle,1,1.0
Hemo_predi/Data_pk/pc6/8DL49zs_both_/5361.pickle,1,1.0
Hemo_predi/Data_pk/pc6/8DL49zs_both_/1478.pickle,1,1.0
Hemo_predi/Data_pk/pc6/8DL49zs_both_/10537.pickle,1,1.0
Hemo_predi/Data_pk/pc6/8DL49zs_both_/6705.pickle,1,1.0
Hemo_predi/Data_pk/pc6/8DL49zs_both_/19142.pickle,1,1.0
Hemo_predi/Data_pk/pc6/8DL49zs_both_/5360.pickle,1,1.0
Hemo_predi/Data_pk/pc6/8DL49zs_both_/10711.pickle,1,1.0
Hemo_predi/Data_pk/pc6/8DL49zs_both_/19477.pickle,1,1.0
Hemo_predi/Data_pk/pc6/8DL49zs_both_/2577.pickle,1,1.0
Hemo_predi/Data_pk/pc6/8DL49zs_both_/5530.pickle,1,1.0
Hemo_predi/Data_pk/pc6/8DL49zs_both_/6704.pickle,1,1.0
Hemo_predi/Data_pk/pc6/8DL49zs_both_/8066.pickle,1,1.0
Hemo_predi/Data_pk/pc6/8DL49zs_both_/1795.pickle,1,1.0
Hemo_predi/Data_pk/pc6/8DL49zs_both_/1413.pickle,1,1.0
Hemo_predi/Data_pk/pc6/8DL49zs_both_/14295.pickle,1,1.0
Hemo_predi/Data_pk/pc6/8DL49zs_both_/1435.pickle,1,1.0
Hemo_predi/Data_pk/pc6/8DL49zs_both_/19155.pickle,1,1.0
Hemo_predi/Data_pk/pc6/8DL49zs_both_/4554.pickle,1,1.0
Hemo_predi/Data_pk/pc6/8DL49zs_both_/11228.pickle,1,1.0
Hemo_predi/Data_pk/pc6/8DL49zs_both_/4210.pickle,1,1.0
Hemo_predi/Data_pk/pc6/8DL49zs_both_/4798.pickle,1,1.0
Hemo_predi/Data_pk/pc6/8DL49zs_both_/115.pickle,1,1.0
Hemo_predi/Data_pk/pc6/8DL49zs_both_/4361.pickle,1,1.0
Hemo_predi/Data_pk/pc6/8DL49zs_both_/12418.pickle,1,1.0
Hemo_predi/Data_pk/pc6/8DL49zs_both_/16599.pickle,1,1.0
Hemo_predi/Data_pk/pc6/8DL49zs_both_/16594.pickle,1,1.0
Hemo_predi/Data_pk/pc6/8DL49zs_both_/9466.pickle,1,1.0
Hemo_predi/Data_pk/pc6/8DL49zs_both_/1495.pickle,1,1.0
Hemo_predi/Data_pk/pc6/8DL49zs_both_/4368.pickle,1,1.0
Hemo_predi/Data_pk/pc6/8DL49zs_both_/16600.pickle,1,1.0
Hemo_predi/Data_pk/pc6/8DL49zs_both_/1470.pickle,1,1.0
Hemo_predi/Data_pk/pc6/8DL49zs_both_/18167.pickle,1,1.0
Hemo_predi/Data_pk/pc6/8DL49zs_both_/113.pickle,1,1.0
Hemo_predi/Data_pk/pc6/8DL49zs_both_/5354.pickle,1,1.0
Hemo_predi/Data_pk/pc6/8DL49zs_both_/117.pickle,1,1.0
Hemo_predi/Data_pk/pc6/8DL49zs_both_/16001.pickle,1,1.0
Hemo_predi/Data_pk/pc6/8DL49zs_both_/17201.pickle,1,1.0
Hemo_predi/Data_pk/pc6/8DL49zs_both_/6397.pickle,1,1.0
Hemo_predi/Data_pk/pc6/8DL49zs_both_/17197.pickle,1,1.0
Hemo_predi/Data_pk/pc6/8DL49zs_both_/19672.pickle,1,1.0
Hemo_predi/Data_pk/pc6/8DL49zs_both_/12233.pickle,1,1.0
Hemo_predi/Data_pk/pc6/8DL49zs_both_/9157.pickle,1,1.0
Hemo_predi/Data_pk/pc6/8DL49zs_both_/11852.pickle,1,1.0
Hemo_predi/Data_pk/pc6/8DL49zs_both_/4917.pickle,1,1.0
Hemo_predi/Data_pk/pc6/8DL49zs_both_/9469.pickle,1,1.0
Hemo_predi/Data_pk/pc6/8DL49zs_both_/17986.pickle,1,1.0
Hemo_predi/Data_pk/pc6/8DL49zs_both_/4363.pickle,1,1.0
Hemo_predi/Data_pk/pc6/8DL49zs_both_/13986.pickle,1,1.0
Hemo_predi/Data_pk/pc6/8DL49zs_both_/4595.pickle,1,1.0
Hemo_predi/Data_pk/pc6/8DL49zs_both_/12110.pickle,1,1.0
Hemo_predi/Data_pk/pc6/8DL49zs_both_/8610.pickle,1,1.0
Hemo_predi/Data_pk/pc6/8DL49zs_both_/4925.pickle,1,1.0
Hemo_predi/Data_pk/pc6/8DL49zs_both_/4924.pickle,1,1.0
Hemo_predi/Data_pk/pc6/8DL49zs_both_/3821.pickle,1,1.0
Hemo_predi/Data_pk/pc6/8DL49zs_both_/1429.pickle,1,1.0
Hemo_predi/Data_pk/pc6/8DL49zs_both_/2369.pickle,1,1.0
Hemo_predi/Data_pk/pc6/8DL49zs_both_/14.pickle,1,1.0
Hemo_predi/Data_pk/pc6/8DL49zs_both_/13728.pickle,1,1.0
Hemo_predi/Data_pk/pc6/8DL49zs_both_/19551.pickle,1,1.0
Hemo_predi/Data_pk/pc6/8DL49zs_both_/13729.pickle,1,1.0
Hemo_predi/Data_pk/pc6/8DL49zs_both_/16610.pickle,1,1.0
Hemo_predi/Data_pk/pc6/8DL49zs_both_/1000.pickle,1,1.0
Hemo_predi/Data_pk/pc6/8DL49zs_both_/15817.pickle,1,1.0
Hemo_predi/Data_pk/pc6/8DL49zs_both_/13507.pickle,1,1.0
Hemo_predi/Data_pk/pc6/8DL49zs_both_/13331.pickle,1,1.0
Hemo_predi/Data_pk/pc6/8DL49zs_both_/6493.pickle,1,1.0
Hemo_predi/Data_pk/pc6/8DL49zs_both_/19519.pickle,1,1.0
Hemo_predi/Data_pk/pc6/8DL49zs_both_/12397.pickle,1,1.0
Hemo_predi/Data_pk/pc6/8DL49zs_both_/18232.pickle,1,1.0
Hemo_predi/Data_pk/pc6/8DL49zs_both_/9570.pickle,0,1.0
Hemo_predi/Data_pk/pc6/8DL49zs_both_/5799.pickle,0,1.0
Hemo_predi/Data_pk/pc6/8DL49zs_both_/4660.pickle,0,1.0
Hemo_predi/Data_pk/pc6/8DL49zs_both_/13459.pickle,0,1.0
Hemo_predi/Data_pk/pc6/8DL49zs_both_/9808.pickle,0,1.0
Hemo_predi/Data_pk/pc6/8DL49zs_both_/2873.pickle,0,1.0
Hemo_predi/Data_pk/pc6/8DL49zs_both_/9573.pickle,0,1.0
Hemo_predi/Data_pk/pc6/8DL49zs_both_/16913.pickle,0,1.0
Hemo_predi/Data_pk/pc6/8DL49zs_both_/779.pickle,0,1.0
Hemo_predi/Data_pk/pc6/8DL49zs_both_/16794.pickle,0,1.0
Hemo_predi/Data_pk/pc6/8DL49zs_both_/12844.pickle,0,1.0
Hemo_predi/Data_pk/pc6/8DL49zs_both_/19951.pickle,0,1.0
Hemo_predi/Data_pk/pc6/8DL49zs_both_/2875.pickle,0,1.0
Hemo_predi/Data_pk/pc6/8DL49zs_both_/13447.pickle,0,1.0
Hemo_predi/Data_pk/pc6/8DL49zs_both_/10122.pickle,0,1.0
Hemo_predi/Data_pk/pc6/8DL49zs_both_/14627.pickle,0,1.0
Hemo_predi/Data_pk/pc6/8DL49zs_both_/10683.pickle,0,1.0
Hemo_predi/Data_pk/pc6/8DL49zs_both_/15093.pickle,0,1.0
Hemo_predi/Data_pk/pc6/8DL49zs_both_/14441.pickle,0,1.0
Hemo_predi/Data_pk/pc6/8DL49zs_both_/4656.pickle,0,1.0
Hemo_predi/Data_pk/pc6/8DL49zs_both_/15892.pickle,0,1.0
Hemo_predi/Data_pk/pc6/8DL49zs_both_/10682.pickle,0,1.0
Hemo_predi/Data_pk/pc6/8DL49zs_both_/12970.pickle,0,1.0
Hemo_predi/Data_pk/pc6/8DL49zs_both_/1494.pickle,0,1.0
Hemo_predi/Data_pk/pc6/8DL49zs_both_/16996.pickle,0,1.0
Hemo_predi/Data_pk/pc6/8DL49zs_both_/12846.pickle,0,1.0
Hemo_predi/Data_pk/pc6/8DL49zs_both_/12173.pickle,0,1.0
Hemo_predi/Data_pk/pc6/8DL49zs_both_/13790.pickle,0,1.0
Hemo_predi/Data_pk/pc6/8DL49zs_both_/19012.pickle,0,1.0
Hemo_predi/Data_pk/pc6/8DL49zs_both_/4963.pickle,0,1.0
Hemo_predi/Data_pk/pc6/8DL49zs_both_/13458.pickle,0,1.0
Hemo_predi/Data_pk/pc6/8DL49zs_both_/13445.pickle,0,1.0
Hemo_predi/Data_pk/pc6/8DL49zs_both_/19578.pickle,0,1.0
Hemo_predi/Data_pk/pc6/8DL49zs_both_/14635.pickle,0,1.0
Hemo_predi/Data_pk/pc6/8DL49zs_both_/6814.pickle,0,1.0
Hemo_predi/Data_pk/pc6/8DL49zs_both_/19571.pickle,0,1.0
Hemo_predi/Data_pk/pc6/8DL49zs_both_/16906.pickle,0,1.0
Hemo_predi/Data_pk/pc6/8DL49zs_both_/2523.pickle,0,1.0
Hemo_predi/Data_pk/pc6/8DL49zs_both_/10463.pickle,0,1.0
Hemo_predi/Data_pk/pc6/8DL49zs_both_/7440.pickle,0,1.0
Hemo_predi/Data_pk/pc6/8DL49zs_both_/5465.pickle,0,1.0
Hemo_predi/Data_pk/pc6/8DL49zs_both_/5215.pickle,0,1.0
Hemo_predi/Data_pk/pc6/8DL49zs_both_/12532.pickle,0,1.0
Hemo_predi/Data_pk/pc6/8DL49zs_both_/13455.pickle,0,1.0
Hemo_predi/Data_pk/pc6/8DL49zs_both_/4779.pickle,0,1.0
Hemo_predi/Data_pk/pc6/8DL49zs_both_/13788.pickle,0,1.0
Hemo_predi/Data_pk/pc6/8DL49zs_both_/3477.pickle,0,1.0
Hemo_predi/Data_pk/pc6/8DL49zs_both_/6824.pickle,0,1.0
Hemo_predi/Data_pk/pc6/8DL49zs_both_/4773.pickle,0,1.0
Hemo_predi/Data_pk/pc6/8DL49zs_both_/19071.pickle,0,1.0
Hemo_predi/Data_pk/pc6/8DL49zs_both_/14232.pickle,0,1.0
Hemo_predi/Data_pk/pc6/8DL49zs_both_/3343.pickle,0,1.0
Hemo_predi/Data_pk/pc6/8DL49zs_both_/18752.pickle,0,1.0
Hemo_predi/Data_pk/pc6/8DL49zs_both_/14700.pickle,0,1.0
Hemo_predi/Data_pk/pc6/8DL49zs_both_/8819.pickle,0,1.0
Hemo_predi/Data_pk/pc6/8DL49zs_both_/11299.pickle,0,1.0
Hemo_predi/Data_pk/pc6/8DL49zs_both_/1400.pickle,0,1.0
Hemo_predi/Data_pk/pc6/8DL49zs_both_/13012.pickle,0,1.0
Hemo_predi/Data_pk/pc6/8DL49zs_both_/494.pickle,0,1.0
Hemo_predi/Data_pk/pc6/8DL49zs_both_/12911.pickle,0,1.0
Hemo_predi/Data_pk/pc6/8DL49zs_both_/16412.pickle,0,1.0
Hemo_predi/Data_pk/pc6/8DL49zs_both_/12608.pickle,0,1.0
Hemo_predi/Data_pk/pc6/8DL49zs_both_/13686.pickle,0,1.0
Hemo_predi/Data_pk/pc6/8DL49zs_both_/15886.pickle,0,1.0
Hemo_predi/Data_pk/pc6/8DL49zs_both_/14726.pickle,0,1.0
Hemo_predi/Data_pk/pc6/8DL49zs_both_/624.pickle,0,1.0
Hemo_predi/Data_pk/pc6/8DL49zs_both_/13007.pickle,0,1.0
Hemo_predi/Data_pk/pc6/8DL49zs_both_/12602.pickle,0,1.0
Hemo_predi/Data_pk/pc6/8DL49zs_both_/7450.pickle,0,1.0
Hemo_predi/Data_pk/pc6/8DL49zs_both_/8825.pickle,0,1.0
Hemo_predi/Data_pk/pc6/8DL49zs_both_/16431.pickle,0,1.0
Hemo_predi/Data_pk/pc6/8DL49zs_both_/7452.pickle,0,1.0
Hemo_predi/Data_pk/pc6/8DL49zs_both_/18379.pickle,0,1.0
Hemo_predi/Data_pk/pc6/8DL49zs_both_/17300.pickle,0,1.0
Hemo_predi/Data_pk/pc6/8DL49zs_both_/16886.pickle,0,1.0
Hemo_predi/Data_pk/pc6/8DL49zs_both_/13793.pickle,0,1.0
Hemo_predi/Data_pk/pc6/8DL49zs_both_/4592.pickle,0,1.0
Hemo_predi/Data_pk/pc6/8DL49zs_both_/15909.pickle,0,1.0
Hemo_predi/Data_pk/pc6/8DL49zs_both_/16430.pickle,0,1.0
Hemo_predi/Data_pk/pc6/8DL49zs_both_/9386.pickle,0,1.0
Hemo_predi/Data_pk/pc6/8DL49zs_both_/1492.pickle,0,1.0
Hemo_predi/Data_pk/pc6/8DL49zs_both_/5888.pickle,0,1.0
Hemo_predi/Data_pk/pc6/8DL49zs_both_/10640.pickle,0,1.0
Hemo_predi/Data_pk/pc6/8DL49zs_both_/7438.pickle,0,1.0
Hemo_predi/Data_pk/pc6/8DL49zs_both_/8036.pickle,0,1.0
Hemo_predi/Data_pk/pc6/8DL49zs_both_/13743.pickle,0,1.0
Hemo_predi/Data_pk/pc6/8DL49zs_both_/13020.pickle,0,1.0
Hemo_predi/Data_pk/pc6/8DL49zs_both_/18697.pickle,0,1.0
Hemo_predi/Data_pk/pc6/8DL49zs_both_/14403.pickle,0,1.0
Hemo_predi/Data_pk/pc6/8DL49zs_both_/267.pickle,0,1.0
Hemo_predi/Data_pk/pc6/8DL49zs_both_/12950.pickle,0,1.0
Hemo_predi/Data_pk/pc6/8DL49zs_both_/10341.pickle,0,1.0
Hemo_predi/Data_pk/pc6/8DL49zs_both_/5520.pickle,0,1.0
Hemo_predi/Data_pk/pc6/8DL49zs_both_/476.pickle,0,1.0
Hemo_predi/Data_pk/pc6/8DL49zs_both_/9760.pickle,0,1.0
Hemo_predi/Data_pk/pc6/8DL49zs_both_/266.pickle,0,1.0
Hemo_predi/Data_pk/pc6/8DL49zs_both_/11540.pickle,0,1.0
Hemo_predi/Data_pk/pc6/8DL49zs_both_/165.pickle,0,1.0
Hemo_predi/Data_pk/pc6/8DL49zs_both_/14272.pickle,0,1.0
Hemo_predi/Data_pk/pc6/8DL49zs_both_/10182.pickle,0,1.0
Hemo_predi/Data_pk/pc6/8DL49zs_both_/11167.pickle,0,1.0
Hemo_predi/Data_pk/pc6/8DL49zs_both_/5557.pickle,0,1.0
Hemo_predi/Data_pk/pc6/8DL49zs_both_/10826.pickle,0,1.0
Hemo_predi/Data_pk/pc6/8DL49zs_both_/19775.pickle,0,1.0
Hemo_predi/Data_pk/pc6/8DL49zs_both_/9677.pickle,0,1.0
Hemo_predi/Data_pk/pc6/8DL49zs_both_/18525.pickle,0,1.0
Hemo_predi/Data_pk/pc6/8DL49zs_both_/11165.pickle,0,1.0
Hemo_predi/Data_pk/pc6/8DL49zs_both_/19417.pickle,0,1.0
Hemo_predi/Data_pk/pc6/8DL49zs_both_/9910.pickle,0,1.0
Hemo_predi/Data_pk/pc6/8DL49zs_both_/8043.pickle,0,1.0
Hemo_predi/Data_pk/pc6/8DL49zs_both_/15870.pickle,0,1.0
Hemo_predi/Data_pk/pc6/8DL49zs_both_/11364.pickle,0,1.0
Hemo_predi/Data_pk/pc6/8DL49zs_both_/568.pickle,0,1.0
Hemo_predi/Data_pk/pc6/8DL49zs_both_/4739.pickle,0,1.0
Hemo_predi/Data_pk/pc6/8DL49zs_both_/16647.pickle,0,1.0
Hemo_predi/Data_pk/pc6/8DL49zs_both_/7954.pickle,0,1.0
Hemo_predi/Data_pk/pc6/8DL49zs_both_/8049.pickle,0,1.0
Hemo_predi/Data_pk/pc6/8DL49zs_both_/11363.pickle,0,1.0
Hemo_predi/Data_pk/pc6/8DL49zs_both_/11370.pickle,0,1.0
Hemo_predi/Data_pk/pc6/8DL49zs_both_/4179.pickle,0,1.0
Hemo_predi/Data_pk/pc6/8DL49zs_both_/12720.pickle,0,1.0
Hemo_predi/Data_pk/pc6/8DL49zs_both_/14394.pickle,0,1.0
Hemo_predi/Data_pk/pc6/8DL49zs_both_/10222.pickle,0,1.0
Hemo_predi/Data_pk/pc6/8DL49zs_both_/17564.pickle,0,1.0
Hemo_predi/Data_pk/pc6/8DL49zs_both_/13424.pickle,0,1.0
Hemo_predi/Data_pk/pc6/8DL49zs_both_/4180.pickle,0,1.0
Hemo_predi/Data_pk/pc6/8DL49zs_both_/11759.pickle,0,1.0
Hemo_predi/Data_pk/pc6/8DL49zs_both_/2354.pickle,0,1.0
Hemo_predi/Data_pk/pc6/8DL49zs_both_/2593.pickle,0,1.0
Hemo_predi/Data_pk/pc6/8DL49zs_both_/11754.pickle,0,1.0
Hemo_predi/Data_pk/pc6/8DL49zs_both_/12242.pickle,0,1.0
Hemo_predi/Data_pk/pc6/8DL49zs_both_/5454.pickle,0,1.0
Hemo_predi/Data_pk/pc6/8DL49zs_both_/11263.pickle,0,1.0
Hemo_predi/Data_pk/pc6/8DL49zs_both_/17934.pickle,0,1.0
Hemo_predi/Data_pk/pc6/8DL49zs_both_/9057.pickle,0,1.0
Hemo_predi/Data_pk/pc6/8DL49zs_both_/2851.pickle,0,1.0
Hemo_predi/Data_pk/pc6/8DL49zs_both_/17055.pickle,0,1.0
Hemo_predi/Data_pk/pc6/8DL49zs_both_/16039.pickle,0,1.0
Hemo_predi/Data_pk/pc6/8DL49zs_both_/2376.pickle,0,1.0
Hemo_predi/Data_pk/pc6/8DL49zs_both_/11249.pickle,0,1.0
Hemo_predi/Data_pk/pc6/8DL49zs_both_/3935.pickle,0,1.0
Hemo_predi/Data_pk/pc6/8DL49zs_both_/2361.pickle,0,1.0
Hemo_predi/Data_pk/pc6/8DL49zs_both_/4165.pickle,0,1.0
Hemo_predi/Data_pk/pc6/8DL49zs_both_/3243.pickle,0,1.0
Hemo_predi/Data_pk/pc6/8DL49zs_both_/10944.pickle,0,1.0
Hemo_predi/Data_pk/pc6/8DL49zs_both_/10952.pickle,0,1.0
Hemo_predi/Data_pk/pc6/8DL49zs_both_/10949.pickle,0,1.0
Hemo_predi/Data_pk/pc6/8DL49zs_both_/5270.pickle,0,1.0
Hemo_predi/Data_pk/pc6/8DL49zs_both_/10959.pickle,0,1.0
Hemo_predi/Data_pk/pc6/8DL49zs_both_/10954.pickle,0,1.0
Hemo_predi/Data_pk/pc6/8DL49zs_both_/16000.pickle,0,1.0
Hemo_predi/Data_pk/pc6/8DL49zs_both_/2356.pickle,0,1.0
Hemo_predi/Data_pk/pc6/8DL49zs_both_/7859.pickle,0,1.0
Hemo_predi/Data_pk/pc6/8DL49zs_both_/10951.pickle,0,1.0
Hemo_predi/Data_pk/pc6/8DL49zs_both_/18143.pickle,0,1.0
Hemo_predi/Data_pk/pc6/8DL49zs_both_/1482.pickle,0,1.0
Hemo_predi/Data_pk/pc6/8DL49zs_both_/10953.pickle,0,1.0
Hemo_predi/Data_pk/pc6/8DL49zs_both_/2063.pickle,0,1.0
Hemo_predi/Data_pk/pc6/8DL49zs_both_/7654.pickle,0,1.0
Hemo_predi/Data_pk/pc6/8DL49zs_both_/14719.pickle,0,1.0
Hemo_predi/Data_pk/pc6/8DL49zs_both_/16038.pickle,0,1.0
Hemo_predi/Data_pk/pc6/8DL49zs_both_/1652.pickle,0,1.0
Hemo_predi/Data_pk/pc6/8DL49zs_both_/9384.pickle,0,1.0
Hemo_predi/Data_pk/pc6/8DL49zs_both_/4638.pickle,0,1.0
Hemo_predi/Data_pk/pc6/8DL49zs_both_/1548.pickle,0,1.0
Hemo_predi/Data_pk/pc6/8DL49zs_both_/9874.pickle,0,1.0
Hemo_predi/Data_pk/pc6/8DL49zs_both_/3772.pickle,0,1.0
Hemo_predi/Data_pk/pc6/8DL49zs_both_/5526.pickle,0,1.0
Hemo_predi/Data_pk/pc6/8DL49zs_both_/3943.pickle,0,1.0
Hemo_predi/Data_pk/pc6/8DL49zs_both_/12640.pickle,0,1.0
Hemo_predi/Data_pk/pc6/8DL49zs_both_/17225.pickle,0,1.0
Hemo_predi/Data_pk/pc6/8DL49zs_both_/12215.pickle,0,1.0
Hemo_predi/Data_pk/pc6/8DL49zs_both_/5183.pickle,0,1.0
Hemo_predi/Data_pk/pc6/8DL49zs_both_/5845.pickle,0,1.0
Hemo_predi/Data_pk/pc6/8DL49zs_both_/9871.pickle,0,1.0
